Price,Close,High,Low,Open,Volume
Ticker,IBM,IBM,IBM,IBM,IBM
Date,,,,,
2024-04-15,171.0996856689453,176.9807908314325,170.75041091998077,175.177765091077,3528100
2024-04-16,173.4596710205078,175.30991384927185,172.61951319010308,175.1966242692123,4473700
2024-04-17,172.84608459472656,174.32815435064396,171.59999999602599,173.84672043074787,3003000
2024-04-18,171.30735778808594,173.18591942761063,170.0801572237225,172.13808082936634,2886700
2024-04-19,171.4112091064453,172.5628881583413,170.45777603087626,172.2135990004577,3038000
2024-04-22,171.71327209472656,173.05376225567446,170.3444775435199,172.23247400153457,3076500
2024-04-23,171.98704528808594,174.33759173667096,168.9756885341077,172.49679801058923,5950200
2024-04-24,173.79006958007812,173.96941713353664,171.24126298708333,172.91214378811415,7616600
2024-04-25,159.45074462890625,162.79249202821572,156.38275037866285,158.7804995471282,16702200
2024-04-26,157.7704620361328,158.469011654805,156.44885559306962,158.1197368454689,8983800
2024-04-29,158.0536346435547,158.79940139614698,156.92083952005416,158.02531584578753,5242200
2024-04-30,156.89251708984375,157.42115384162,156.00515636896026,157.16628466761648,6011600
2024-05-01,155.2216339111328,156.9586017343645,155.09892392675548,156.4110809905956,4029900
2024-05-02,155.46705627441406,155.6464182260352,153.5129732068808,155.14610036323333,3829900
2024-05-03,156.42996215820312,157.27955485306532,155.6841954465997,155.75971703791842,3400400
2024-05-06,159.1675262451172,159.2241638285793,157.062414435588,157.17568960251222,4222300
2024-05-07,158.950439453125,159.80946696476855,158.53507789359395,159.53571379377092,3155300
2024-05-08,160.38528442382812,160.72512434353504,158.49728807084946,158.60112844643407,3522000
2024-05-09,158.5167236328125,159.7370352195955,158.14491017351554,159.68936384332426,4266600
2024-05-10,159.35565185546875,160.23276429845927,158.5643682414437,159.33659494598658,2255400
2024-05-13,159.7465057373047,160.22319023260448,158.98380763537375,159.68930592542972,2414900
2024-05-14,159.5558624267578,160.28996074963507,158.71689291489812,160.0325470044492,2601000
2024-05-15,160.41387939453125,160.4996936693754,159.53678156893736,160.1088088473611,4468800
2024-05-16,161.09078979492188,161.72001693837126,159.96580660991307,160.41389128352773,3492300
2024-05-17,161.14797973632812,161.2242510109112,159.52725515639807,161.09077991720537,2956400
2024-05-20,161.99649047851562,162.2253043203654,160.52830833160937,161.1193925723138,2726300
2024-05-21,165.38095092773438,166.8110046813859,162.0155589245885,162.0155589245885,6459800
2024-05-22,165.59066772460938,166.83005036240527,164.7040269697586,165.30465410861697,3294900
2024-05-23,162.71153259277344,167.27817957137833,162.49226173252168,167.21143673937178,3341300
2024-05-24,162.92123413085938,163.98900279704486,162.27295016846304,163.483718371278,2587400
2024-05-28,161.7486114501953,163.11192233489984,160.78569931053545,162.49223821408117,2629500
2024-05-29,159.26034545898438,160.76667070796768,158.4595187333764,160.1660433901311,4206600
2024-05-30,157.90655517578125,158.9552526333377,156.57182948353608,157.8398123449018,3842400
2024-05-31,159.06964111328125,159.18404075084865,156.19999079472873,157.97325791331397,4905000
2024-06-03,157.5728302001953,159.00288372782094,155.9044344179654,158.7740699263884,2776100
2024-06-04,158.07815551757812,158.6406398926407,156.23815981863288,156.92458685328097,2594200
2024-06-05,159.57492065429688,159.96579091968385,158.0495243132366,158.65015148645844,3049400
2024-06-06,160.356689453125,160.5855032880396,159.02197845093693,159.5749343082031,2207100
2024-06-07,162.08229064941406,163.3216735050594,160.22322363957568,160.33762328717825,3475500
2024-06-10,162.43505859375,162.79732901911896,161.00500470885777,161.64376036510504,3440000
2024-06-11,161.42446899414062,162.07275302355072,159.0315031539592,162.0536815676097,2951300
2024-06-12,161.119384765625,164.42757684737444,160.26135835796595,163.3598080649972,3522700
2024-06-13,161.23377990722656,161.68186455459465,160.4901531620749,161.1289087227945,3525700
2024-06-14,161.31959533691406,161.5674660713176,159.4319140036391,160.44248294416056,2777700
2024-06-17,161.5960693359375,161.8058117106557,159.6893310546875,160.8905709348619,3239800
2024-06-18,162.5971221923828,162.78779312553763,160.52831274577042,162.07276621576221,3386400
2024-06-20,165.8099822998047,166.1531958201517,163.23588817083234,165.9625248749057,4723100
2024-06-21,164.41806030273438,166.80148332694202,163.4074767207722,165.85764257234231,10181500
2024-06-24,166.84912109375,170.13825612931157,166.02922308517287,166.8395926397549,4864700
2024-06-25,164.551513671875,167.55462053974384,163.4265305611449,166.97306480263734,4069800
2024-06-26,163.85557556152344,164.62780236048457,162.4636645416644,163.29309117058398,2779000
2024-06-27,162.8831024169922,164.45615547656095,162.5303459884731,163.1405015776263,2894000
2024-06-28,164.88519287109375,165.37142045163765,162.57804125574185,162.88312636880931,4193300
2024-07-01,166.93495178222656,168.23153446868645,165.2951556038432,165.36188388288585,3321000
2024-07-02,169.03236389160156,169.21350636911578,166.19132771820819,166.68706923352536,2883300
2024-07-03,167.5355682373047,169.6806489730852,167.0016838039609,169.58532077985083,1649000
2024-07-05,167.81204223632812,167.8787705124047,165.83856110867399,167.5451000375042,2086000
2024-07-08,169.3564910888672,170.26218884980065,167.8024947571889,168.18385113623245,2503000
2024-07-09,168.2506103515625,169.41372206383755,167.392583798627,169.31839386198976,2512700
2024-07-10,169.5471649169922,169.90944984649173,166.31524410378438,168.3649964897977,3462200
2024-07-11,169.99526977539062,171.0725816902096,168.3840734045673,169.36604257484535,2806800
2024-07-12,174.30447387695312,175.57245652255628,170.1763839382698,170.2335837565701,4785600
2024-07-15,174.35214233398438,176.27793740518683,174.0852001548621,174.8288268748824,2925700
2024-07-16,177.1455078125,177.89867753805402,175.91566809047615,176.05866763469132,3374500
2024-07-17,178.70904541015625,179.17620153368108,176.4400367106643,176.79277864331553,4225300
2024-07-18,176.58303833007812,180.63485729107998,176.46863868512565,177.9368208019653,3487800
2024-07-19,174.70489501953125,178.280029296875,173.46551222726703,177.64127371832728,3816000
2024-07-22,175.5629119873047,176.34468162326615,174.3330722628198,174.84788517028238,2488500
2024-07-23,175.5152587890625,176.7355700848245,174.47607540431702,175.76312952039416,2180200
2024-07-24,175.43898010253906,176.44002053416625,174.60953912060123,175.5533797356653,6962100
2024-07-25,183.02781677246094,187.10823582547133,176.65931743548086,178.08937124977683,9532800
2024-07-26,182.8085479736328,184.5436869370842,180.7778668794805,181.62636490356942,4294900
2024-07-29,182.5701904296875,184.27671479061246,180.35836704075336,184.17184360325336,3336800
2024-07-30,182.13162231445312,183.7809612939088,180.27255552125217,182.55110703645903,3065000
2024-07-31,183.18035888671875,185.47798216737795,181.13062091017392,182.09351857241774,5558400
2024-08-01,180.81597900390625,184.61038378093258,179.50985350251145,183.81908571724298,4085400
2024-08-02,180.30116271972656,180.4346338141924,177.0406420858397,179.97702071134643,4548800
2024-08-05,174.76210021972656,176.62116719171718,173.33204646477085,175.9442832275032,4975000
2024-08-06,178.08937072753906,180.09143733332667,175.07672054291433,176.08728957449185,3632500
2024-08-07,178.08937072753906,181.01620662764034,177.99402798796172,179.309682148379,3801900
2024-08-08,183.62844848632812,183.88586225238163,178.28004650916282,178.75673112549748,3712700
2024-08-09,184.118896484375,185.25371895613836,181.80117790582187,183.8592313525703,2773700
2024-08-12,182.22433471679688,184.24392635571905,181.76271922128313,183.9265611167746,2290300
2024-08-13,183.676513671875,183.98425242935093,181.96467556140828,183.00330670806946,2178900
2024-08-14,184.95559692382812,185.69610114712708,183.4264708174427,183.8303862141036,1895100
2024-08-15,186.52316284179688,186.81167802074268,185.87882059102984,186.1000092026086,2472000
2024-08-16,186.3596649169922,186.90784519674656,185.47489584088044,186.167326365575,2494400
2024-08-19,187.2733154296875,188.04268443879576,186.30199604381545,186.41739625910904,2361400
2024-08-20,188.5235137939453,188.6966287689354,186.3308219406801,187.13865269199016,1790400
2024-08-21,189.65835571289062,189.77375592507343,186.68666817874671,188.4658330471941,2579300
2024-08-22,188.4562225341797,190.34116116026698,188.08115716754546,189.69681884704886,1969500
2024-08-23,188.59083557128906,189.82181992521308,186.94630938585647,189.2544013808412,2322000
2024-08-26,190.39886474609375,190.75470653339818,188.3985111959925,188.49468782488415,2567200
2024-08-27,191.1201171875,191.7644594172447,189.42751736046125,189.87952103534786,2617100
2024-08-28,190.8604736328125,192.34149670063104,189.9276161998551,191.37978921712786,2645200
2024-08-29,191.28363037109375,193.41862235679164,190.67776457885023,191.6683222049316,2989600
2024-08-30,194.38995361328125,194.42841545886773,191.12013910770344,191.48559267599265,4751000
2024-09-03,193.57249450683594,196.8807708270418,192.5434750589828,194.17837495922615,3874700
2024-09-04,196.29412841796875,196.5345553052244,192.82236357901772,193.07240225894623,3142500
2024-09-05,194.8323211669922,198.06365899151865,193.26474790243213,196.26527064145955,3229200
2024-09-06,193.0531768798828,196.28451480155485,191.7067775190655,194.63037665864582,3304500
2024-09-09,195.736328125,197.19812764747942,193.71673648638378,194.2072167076291,3705000
2024-09-10,197.45779418945312,197.94825973969805,195.10159903612984,196.38067179309354,3070600
2024-09-11,201.852783203125,202.07397181555814,195.26508106879828,199.8043415666382,5554300
2024-09-12,203.50692749023438,204.5070968473579,200.29482791747202,201.9585778067364,4615300
2024-09-13,206.56515502929688,207.81537775995818,204.00702413827335,204.34361297089868,4572300
2024-09-16,208.8444366455078,209.55609091431913,207.26723668762318,207.61345202835366,4176100
2024-09-17,205.930419921875,210.46005377073004,204.84368581303912,208.93094245484858,5635200
2024-09-18,206.7094268798828,208.55590364830707,205.411115794127,205.9304460982265,3482800
2024-09-19,205.69961547851562,210.11384935782803,202.3144009879171,209.6618456613067,5279600
2024-09-20,209.3637237548828,209.5079886872927,205.55537020093314,206.12277411473244,9958800
2024-09-23,212.05650329589844,212.17190349981394,208.9501921864081,209.652234551047,4074800
2024-09-24,212.5084991455078,212.7200759612001,209.80610352401857,211.36406491730617,3183900
2024-09-25,212.75857543945312,213.35484415028796,211.72955590336497,212.70087532941935,2537800
2024-09-26,214.87429809570312,215.42247841041424,212.8835712161283,213.60485183580604,2673200
2024-09-27,212.38348388671875,215.56673341039235,212.3161719914693,214.46077563900153,3830300
2024-09-30,212.61431884765625,212.84513395542783,210.6332035313874,212.20077694721053,3543400
2024-10-01,210.9505615234375,212.6335497723268,207.6326586646042,212.18154604009425,3548400
2024-10-02,211.31600952148438,211.76801327318137,207.53650564926602,209.95038647308903,3343400
2024-10-03,214.19149780273438,214.29728621581484,210.87360982810839,211.09479844655223,3788300
2024-10-04,217.3459014892578,217.42283985249398,214.72044404472774,215.18205954965237,3553800
2024-10-07,218.42300415039062,218.95194621379125,216.4034271917137,216.74964248098573,3458000
2024-10-08,219.86557006835938,220.56762712851688,218.3460704151649,219.37510451253718,3245100
2024-10-09,225.32806396484375,225.95316795279135,219.75015768392035,220.42334998043887,5083600
2024-10-10,224.0970916748047,226.79948747322663,222.93341911230843,226.09744508855113,3142000
2024-10-11,224.32789611816406,224.50101110657909,221.63512673830877,224.31828432555477,3469200
2024-10-14,226.25131225585938,227.07838133337407,224.24134700422815,224.6260388277772,2524400
2024-10-15,224.03939819335938,228.28051735306605,223.7989713049058,227.34765985190674,3350600
2024-10-16,224.72218322753906,224.9241482534409,222.2698262389727,223.22192191909605,2846700
2024-10-17,223.96246337890625,224.22211385691799,221.82747140163005,223.1161560222943,5040100
2024-10-18,223.30848693847656,223.74125239480554,221.35622181423204,223.03921000233888,4715700
2024-10-21,222.875732421875,223.520074741724,221.44278283999125,222.3564167836884,2733300
2024-10-22,223.35658264160156,224.04901326443917,221.83708292340202,223.10654395676858,3180800
2024-10-23,223.83743286132812,224.40483679546784,221.4427757726044,221.58704071018593,5791000
2024-10-24,210.0272979736328,212.84510854764702,207.88269438163346,212.34501654441908,11193400
2024-10-25,206.4497528076172,210.27734465153736,206.18047587434594,208.498194533459,8482200
2024-10-28,204.7571563720703,207.96925604177372,204.55519133139174,207.24797538498143,4993300
2024-10-29,202.3721160888672,205.17068862807162,201.8143386140879,203.8723922185439,5258400
2024-10-30,197.05386352539062,203.03568542964803,196.43837130410813,201.45848569545586,6956600
2024-10-31,198.80418395996094,200.16019511403857,195.7170962979643,196.31336495177072,5925300
2024-11-01,200.2755889892578,201.8047004085222,199.4677582026078,199.81397349324237,3334100
2024-11-04,198.4195098876953,199.74665633558465,197.91941784999455,199.69856802291275,2593900
2024-11-05,199.6216278076172,200.1505551797459,197.69821285590103,198.27522853672096,2441500
2024-11-06,205.4207305908203,206.12277296626192,202.31440475903946,205.30531571063705,3934400
2024-11-07,205.5072784423828,206.3054974299511,203.81466384725317,205.45919013238628,3675800
2024-11-08,205.53614807128906,208.40203259126326,204.63214058541632,205.95930176037785,3201000
2024-11-11,205.3918914794922,207.1614298753072,205.30532664612088,206.19009584402838,3013000
2024-11-12,204.38381958007812,206.48717020592957,202.6391003449972,205.39187136582314,2817800
2024-11-13,204.44198608398438,204.9169419776132,202.64881423770862,203.06560049506422,3247800
2024-11-14,202.57127380371094,204.0348916928275,200.01235698881283,203.550248244626,6372900
2024-11-15,198.694091796875,202.08659534657735,197.80234978148454,201.08823119944773,3986500
2024-11-18,201.69891357421875,202.01878003571437,199.06245194323515,200.64239437088605,3405900
2024-11-19,203.7925567626953,203.87010148419986,199.85725458473516,200.15773113672572,2860700
2024-11-20,208.0089569091797,208.35790075501433,203.3272998067913,204.51951845083335,4562900
2024-11-21,215.5693817138672,215.79232833019321,208.6583767810504,209.18178515342416,5236400
2024-11-22,216.12188720703125,220.2219663858824,214.10576881145994,216.49022093789952,5320700
2024-11-25,219.18482971191406,219.46591637739908,215.81170098523666,216.4902135801217,7189300
2024-11-26,221.80191040039062,221.94729751100735,218.58387097740152,219.76640211089574,4449500
2024-11-27,219.95057678222656,222.15086213854045,217.38197246923355,221.80191827053534,2995100
2024-11-29,220.42552185058594,223.28491504482764,220.2122775644933,220.75507582358608,2640300
2024-12-02,220.4061279296875,221.36572719950192,218.58386398746563,220.512750070778,2655900
2024-12-03,221.96669006347656,222.07331220926127,219.70824991377765,220.2607505210649,3163800
2024-12-04,226.3187713623047,226.56109305278164,222.30592475961205,222.93595523879523,4104200
2024-12-05,227.54010009765625,229.2557420543295,226.2897265025467,226.37695877403576,4791100
2024-12-06,230.72903442382812,231.05860319213383,227.0263663612231,227.22990831649946,4028400
2024-12-09,222.93597412109375,231.9988120285956,221.879455010763,230.69026887313177,4970400
2024-12-10,224.6031494140625,227.1911435212424,220.80354674789518,221.38510998212303,4769500
2024-12-11,223.05230712890625,225.84385826433325,222.09272251871198,225.54338167770092,3872700
2024-12-12,225.12657165527344,226.7065140462483,223.3043223277362,223.57572147843632,4515700
2024-12-13,223.7307891845703,226.59986986739864,223.18797614579182,225.11686222732567,2757400
2024-12-16,222.28656005859375,223.93434478243137,219.91181018099155,223.64355576289674,3610300
2024-12-17,221.93760681152344,223.12982547206008,220.62906367400382,222.18961606305717,3651300
2024-12-18,213.40786743164062,222.00543639122034,213.2721678747751,222.00543639122034,4152500
2024-12-19,217.04270935058594,219.25268218204897,216.131577346534,217.52735277485667,4427200
2024-12-20,216.4999237060547,220.68723544504357,214.87151401467693,215.88926822301997,12423200
2024-12-23,215.1138153076172,216.86823686284936,214.28993039066145,215.96679243589423,2988100
2024-12-24,217.51766967773438,217.54674710057358,214.7358063082506,215.44339637105514,1186200
2024-12-26,217.98292541503906,218.4772563983972,215.71479767001603,216.45145037288887,3286500
2024-12-27,215.93771362304688,217.52734339450006,214.60979543065437,216.28665746508017,1810800
2024-12-30,213.4854278564453,214.78426868060265,210.96527614049344,213.76651453415502,2095600
2024-12-31,213.07833862304688,214.26086981105684,211.73103043869378,213.94100336281045,2270200
2025-01-02,213.18496704101562,215.65665163912917,210.91683920327856,215.00723117910076,2579500
2025-01-03,215.81170654296875,216.79069570586958,213.77621307632282,213.77621307632282,3872100
2025-01-06,215.8311004638672,217.45951005783155,213.97007149229614,216.15096689821988,2846700
2025-01-07,217.08148193359375,219.74702067900057,215.9861830980899,216.49021638391596,3299300
2025-01-08,216.32542419433594,217.9925986987455,214.04760905399408,217.03301421793347,2619800
2025-01-10,213.0007781982422,215.5984597705152,210.14138504393947,215.18167353815593,3570300
2025-01-13,210.72296142578125,212.84570205567545,208.15435711435094,211.19791732059878,3716800
2025-01-14,211.0622100830078,211.4305438162282,208.01864998730863,211.30453179378048,3485500
2025-01-15,213.2721710205078,214.8714883064511,211.3142075653038,214.08636837371012,2951600
2025-01-16,215.82142639160156,215.84080148084917,210.7035927027859,212.94264309287468,3329100
2025-01-17,217.88597106933594,219.02004962923684,216.7712971766224,219.02004962923684,5506800
2025-01-21,217.37225341796875,220.4642806902523,215.98618038702392,218.0798434340435,3982200
2025-01-22,216.40296936035156,217.50795573972442,213.582355964415,215.16228341825374,4759500
2025-01-23,219.0975799560547,219.0975799560547,216.2963417187799,217.06208656693994,3619700
2025-01-24,217.8957061767578,219.84396759371867,216.92641924073143,218.3512722199018,3232900
2025-01-27,217.2462615966797,217.41103858270154,213.08801282008514,215.3658427830349,4898400
2025-01-28,218.72927856445312,218.83590071172506,214.9587532329549,217.43043770869966,4485400
2025-01-29,221.6080322265625,222.42222953899696,216.8585183237444,218.69046967179287,7079800
2025-01-30,250.3376922607422,253.7592734962052,239.42352817038508,242.32170103926615,15381900
2025-01-31,247.84664916992188,249.33934443886022,244.15366856955768,248.18589069960868,7199800
2025-02-03,252.72216796875,254.01130644820918,244.10519377875204,244.64799204171243,8408500
2025-02-04,256.33758544921875,257.1033303234256,250.19231052854013,252.0145744923305,6077700
2025-02-05,255.2132110595703,257.5588982085762,253.15832770836616,257.54919587456345,6165100
2025-02-06,245.65606689453125,255.29078075641434,244.9678667086208,254.90307192416364,6128300
2025-02-07,244.58982849121094,249.03885137047212,244.27966440490735,247.43953406045574,3370300
2025-02-10,243.22381591796875,245.83880381889261,240.88202037506974,244.77524597360693,3564400
2025-02-11,248.5220947265625,250.52237371644497,244.5020325787223,245.00942383356008,4801600
2025-02-12,249.60516357421875,250.18084917616105,245.90709898269046,246.59011706030654,3075300
2025-02-13,252.9031982421875,252.9910116665798,248.23914111231724,249.45882163558204,4531500
2025-02-14,254.9425048828125,255.58649978344064,251.65425089998712,252.7178087612594,3925300
2025-02-18,256.6891174316406,257.55751456821315,253.52768494551896,255.57675438827053,4262800
2025-02-19,257.9087829589844,257.9477912977087,253.78137317101158,255.64504866394387,3718700
2025-02-20,258.3185729980469,258.66008950683243,255.79139847680523,257.25501513386575,4884800
2025-02-21,255.1376495361328,258.40636936590295,254.7668619097773,257.4501589372547,5667900
2025-02-24,255.51820373535156,257.45018853710945,253.28374052518043,255.1571830399783,4398100
2025-02-25,251.49813842773438,257.08916498925515,250.54189812239878,254.74735442740132,6292200
2025-02-26,249.63442993164062,252.0640238246636,248.23912266328992,251.83962168256852,3460100
2025-02-27,247.08775329589844,251.38103764214804,246.91212644829403,249.02949003581233,3402200
2025-02-28,246.31690979003906,246.67793044057635,240.5600091055003,244.77523190727828,7988800
2025-03-03,244.12149047851562,249.7808108988296,242.22854398622334,248.5611304155153,2977700
2025-03-04,247.06825256347656,249.28318168979646,242.08219795298666,242.71642587417142,5342100
2025-03-05,245.25335693359375,246.60964103213692,241.01861499060746,245.47777397313865,4009800
2025-03-06,242.6578826904297,245.98517474274703,240.81372632838875,243.69216939556568,3254400
2025-03-07,255.1962127685547,255.60600876380482,239.23301802115893,239.984345419368,6700200
2025-03-10,250.66873168945312,259.9871086236326,248.5708871741708,255.21570419004357,8165500
2025-03-11,242.91156005859375,250.47359388091894,239.89651350220274,249.7808088211408,5630600
2025-03-12,243.5750732421875,246.9901785567424,239.5745153468093,244.27761038370443,3848800
2025-03-13,239.83798217773438,243.22381651701414,237.14491804120158,242.76521544705903,3862400
2025-03-14,242.3261260986328,242.9115638015682,235.81789789148297,236.86195153916847,4045200
2025-03-17,246.83407592773438,248.45381529602392,242.96036925099173,243.20430536469755,3233900
2025-03-18,240.96006774902344,246.4437611998452,239.17445377598827,246.3852040315072,4171900
2025-03-19,246.17056274414062,247.50734277582808,240.6576125122181,242.30662302833522,3853600
2025-03-20,237.4181365966797,240.81372296905647,231.4660897500129,238.31581966575962,7026800
2025-03-21,237.95477294921875,239.26228171053236,232.71503048629404,235.82765738525927,9580100
2025-03-24,242.42369079589844,242.7847263446157,240.0038488767483,241.31134278648702,4753300
2025-03-25,243.83851623535156,244.81426062186947,242.1797537560067,242.33587643113222,3133800
2025-03-26,244.26785278320312,248.15132626688788,243.47750219084202,245.15578377233794,4450100
2025-03-27,240.23802185058594,244.22881265029898,239.76965384491007,243.65312705975083,2889300
2025-03-28,238.0816192626953,241.56503370748908,236.19843983066605,240.29656308614094,3125300
2025-03-31,242.6286163330078,244.80452226815183,236.60827491717396,236.85221102748494,6795000
2025-04-01,244.26785278320312,244.54106002775566,237.58401248719406,242.01388557130568,4412900
2025-04-02,243.9165802001953,246.65841957365512,241.23328310836868,242.19927542135034,4080800
2025-04-03,237.58401489257812,244.5313104192705,236.64729369557278,236.82293543380806,5309600
2025-04-04,221.9623260498047,234.33477245541397,221.37688835855556,232.22716103409087,7407100
2025-04-07,220.30357360839844,226.65566441263715,209.29717775928418,213.92221166270025,7797900
2025-04-08,215.66879272460938,227.39724508086533,212.00975106879844,226.91912494458174,6850000
2025-04-09,229.60240173339844,230.56839400452208,209.9411589407113,211.85360953835672,7302800
2025-04-10,223.98211669921875,226.92886878109073,216.6347629945483,225.3969430174805,5656100
2025-04-11,229.76828002929688,231.8173491613267,221.99159621097715,224.14799781923094,4325900
2025-04-14,233.26145935058594,235.9057332875988,230.9879730586431,233.95424444184647,3321500
2025-04-15,234.86166381835938,235.67153342153892,232.49061217674623,233.73956376296405,3363700
2025-04-16,232.78335571289062,237.39862269600232,230.16835289948745,234.4518703498227,4869900
2025-04-17,233.0175018310547,235.91546369177462,231.64169874794987,233.86639463656846,4635200
2025-04-21,230.49032592773438,234.9689888117425,227.280118756854,232.29545888668824,4908900
2025-04-22,235.0568084716797,236.75460900430272,232.24667486185737,232.7150279820482,4232700
2025-04-23,239.52572631835938,243.29210022203972,237.74987928824314,240.03311756496873,7948300
2025-04-24,223.76747131347656,227.1337866101384,218.9960816592255,225.57258957088848,15428100
2025-04-25,226.77276611328125,227.69972034226214,220.83048611929678,223.3966838409582,6700100
2025-04-28,230.43179321289062,230.89039425633328,226.4410023263748,227.2118338250488,3653500
2025-04-29,233.58346557617188,234.15915123402357,230.4122960826338,231.2514369133941,3426500
2025-04-30,235.95452880859375,236.58875674229736,228.65594964100725,230.98797826873462,5143000
2025-05-01,233.84689331054688,236.49115214800236,232.178363929475,235.58371705366088,4243300
2025-05-02,239.5940399169922,239.73064353717098,235.47639736615997,237.2327402603715,3731900
2025-05-05,243.135986328125,243.74095799008697,237.73036881681986,237.82794921384934,4137800
2025-05-06,243.07742309570312,244.1214766769593,240.1404380178505,241.75041020933352,2900600
2025-05-07,247.22434997558594,248.2976747541772,242.79447702027178,243.3994337743808,3399700
2025-05-08,247.97567749023438,250.2979390030003,247.10726558284472,248.81481825715855,3637000
2025-05-09,244.77359008789062,248.50609570873493,243.24130193531636,248.0247939222447,2901300
2025-05-12,249.183837890625,249.30170159649109,240.304402350756,248.01497284826957,4609500
2025-05-13,253.99679565429688,254.9692012029312,248.3882278313244,249.91068399085393,3521400
2025-05-14,253.240478515625,255.92196769646725,251.66889252628525,253.0243850673969,3634700
2025-05-15,261.9430847167969,262.6797628288907,254.0164210365448,254.40934001006883,4856300
2025-05-16,262.0216979980469,263.22002900609107,259.8902293288371,261.6189770061497,3817900
2025-05-19,263.6423645019531,264.3594086505394,260.37149692093885,260.73494996644735,3198600
2025-05-20,262.20831298828125,264.4969131773133,260.9019203251371,262.65030187860435,2437900
2025-05-21,256.2362976074219,260.9313917642827,255.78447674037534,260.2634774433426,3753900
2025-05-22,253.7806854248047,256.6291680376706,253.32886459047626,256.13804931215896,3091300
2025-05-23,254.0360870361328,255.2540519325352,251.24652117162822,253.98695717628826,2722600
2025-05-27,258.55438232421875,259.1044329142816,255.01832140559407,256.36398195540886,3284200
2025-05-28,255.61746215820312,260.2929219714375,255.32280291598576,258.4856086763194,2318400
2025-05-29,254.09503173828125,256.49169373503173,252.20912247138335,256.1184386735772,2295000
2025-05-30,254.45843505859375,255.49960437252724,252.53325802204802,254.15394384275518,9668900
2025-06-02,259.21246337890625,259.29105916310675,252.65112424707775,253.26993865174433,2831900
2025-06-03,260.4894104003906,260.8430015303491,257.9159228384775,258.6722649367407,2494700
2025-06-04,260.8036804199219,262.25740265654196,260.08666625616013,260.1946979888607,2588600
2025-06-05,262.1199035644531,262.75838196541736,260.39118582445275,260.48941557656354,2658400
2025-06-06,264.0942077636719,265.3711345760241,262.7780130313173,263.2298339154363,2495200
2025-06-09,267.2471618652344,268.61248635832186,261.9725513641884,263.33787585727583,4331500
2025-06-10,271.3332824707031,272.54144540942997,267.7186555973793,268.33747003000747,5163500
2025-06-11,276.5195007324219,276.74542615720344,270.22335452074594,271.7851385836318,4656000
2025-06-12,276.0382080078125,278.03214896688866,274.859510998044,276.52932676596436,3418000
2025-06-13,272.2958679199219,274.86932525070284,270.9305434720067,273.2682734062301,3243800
2025-06-16,276.823974609375,279.446561858927,273.7201305643634,274.3487469615969,3685300
2025-06-17,278.0223083496094,279.73142195815007,276.00873349403804,276.1560631217978,3069600
2025-06-18,278.1794738769531,281.81376461578645,277.9142805432366,279.93768739443277,3534100
2025-06-20,275.9792785644531,279.0733207727219,272.2762538868406,274.31929474936567,7677000
2025-06-23,284.0434265136719,284.4363155095208,275.2327551425825,276.64717950804567,3786200
2025-06-24,288.5715637207031,289.11178235587846,283.2871211709122,285.30069605712174,4219100
2025-06-25,285.8900146484375,290.8994313730689,284.3577267056806,289.25908172927444,3862300
2025-06-26,286.74456787109375,287.70717135081117,285.01585036482584,286.6168722081661,3621100
2025-06-27,284.5542297363281,287.91346536527055,283.395166647931,287.7661357281259,3562500
2025-06-30,289.5439453125,289.5734112360638,284.8488516464512,285.76232525243705,3495400
2025-07-01,286.0275573730469,289.8680794233323,284.9274262498399,289.31802884948286,3272800
2025-07-02,282.5406188964844,285.0355106104152,281.80394075058246,284.84888308207917,3257500
2025-07-03,286.78387451171875,287.1276636203576,282.78616082589315,282.8254587177255,1853300
2025-07-07,287.2749938964844,289.97614693754167,285.2024572486268,287.3044598215483,4488100
2025-07-08,285.26141357421875,290.35919836503905,284.34790996383305,287.8938027475363,2925300
2025-07-09,284.9864196777344,286.4204781203348,283.50323137189065,286.214216626145,2971300
2025-07-10,282.32452392578125,283.7684142830185,277.1972428588073,283.7684142830185,3487800
2025-07-11,278.552734375,282.3245228503416,277.89465202365295,279.9475248409985,3790700
2025-07-14,278.7491760253906,279.86891113794223,276.7061053306699,277.8062064852849,2857100
2025-07-15,277.6785583496094,279.10278476550997,275.74354923998396,278.72952971256035,2864100
2025-07-16,276.91241455078125,278.82775972756025,274.8988096514882,277.72765850234174,2804800
2025-07-17,276.990966796875,278.42502511126247,275.91049958377124,276.4998480614196,3337200
2025-07-18,280.792236328125,282.0593311278521,277.2070753588609,278.34647448432344,4478200
2025-07-21,279.6528015136719,282.6191776433741,279.3286763611813,281.2047533905838,3051800
2025-07-22,276.9516906738281,279.81983750355363,276.2543104078084,279.68230985857195,4824200
2025-07-23,277.0008239746094,282.9629831842899,276.4409413711111,279.2501264053463,8105900
2025-07-24,255.88270568847656,257.395329885497,248.26053294822918,256.60955186043475,22647700
2025-07-25,255.10671997070312,256.1675232618172,251.79658445313692,255.40137922503786,7758700
2025-07-28,258.53472900390625,259.3107050371223,254.99866794011618,255.6764142263222,5192500
2025-07-29,257.74896240234375,261.0787321523359,256.3836378020661,259.60537580841634,4627300
2025-07-30,255.63714599609375,257.3462296850449,254.30128738450912,256.9533406729942,3718300
2025-07-31,248.65341186523438,255.37191262592444,247.7399382036974,254.95938967094406,6739100
2025-08-01,245.60848999023438,247.01308242178507,241.24735309010396,246.94433359038464,9683400
2025-08-04,247.5041961669922,247.6024259101548,243.70294191312132,246.59072250414908,5280600
2025-08-05,246.21746826171875,248.3096388982611,244.57713346232927,247.52384591368264,5823000
2025-08-06,247.7988739013672,249.80264678319222,244.85216141801075,247.06219578052807,3692100
2025-08-07,245.71653747558594,250.47056339552213,244.45927467011114,248.3194608647904,6251300
2025-08-08,239.5756072998047,246.7054130991811,238.96249234649946,246.11209503064288,6828400
2025-08-11,233.6719970703125,240.44580587238016,232.08978540419037,239.54593788774832,9382000
2025-08-12,232.1590118408203,235.31353669957184,230.76468952140104,233.89943258502282,8792800
2025-08-13,237.40008544921875,238.1615110836746,233.57311512424425,233.57311512424425,5663600
2025-08-14,234.4729766845703,236.3419564057215,232.99954231925793,235.60029754670774,4556700
2025-08-15,237.053955078125,237.9439396919302,234.1367665227763,234.96742084087296,4344300
2025-08-18,236.78695678710938,238.73504866375288,236.46062506731192,236.90563246918302,3569600
2025-08-19,238.59661865234375,240.12938344396045,236.82653266244637,237.33085529788218,3328300
2025-08-20,239.85247802734375,240.17880973600649,237.66704995021033,239.41736908246014,3240100
2025-08-21,236.7375030517578,239.8030323880235,235.99584418870205,239.51626426684075,2991900
2025-08-22,239.39759826660156,240.96991149846446,237.54840025513093,238.06262131258333,3134900
2025-08-25,236.76718139648438,239.87227449507935,236.76718139648438,239.87227449507935,3513300
2025-08-26,239.93161010742188,242.2554656725457,237.70663334495413,238.33951502049248,5386600
2025-08-27,242.11700439453125,243.2245585571608,239.30859312142954,240.16891257397768,3698400
2025-08-28,242.9971160888672,243.14545692129363,240.65347880959985,242.7004495131031,2820800
2025-08-29,240.78204345703125,242.73013540673168,239.0317241994189,242.50268247619564,2967600
2025-09-02,238.8141632080078,238.86361015195558,235.60030800955636,238.22083005881203,3469500
2025-09-03,241.38525390625,241.53357964931416,236.7474112113191,237.350627714928,3163200
2025-09-04,244.43099975585938,246.5076508060478,240.1491687899665,242.6905788900209,4765100
2025-09-05,245.76597595214844,246.26041520929903,242.72022831741012,245.46930938004033,3147500
2025-09-08,253.2418975830078,254.29010640416558,244.2727772168938,245.8648722440548,6940300
2025-09-09,256.2283020019531,257.7610818338245,252.04536512463181,253.27156484758663,4931100
2025-09-10,254.0231170654297,257.1875101978497,251.72891167415557,256.7622996803277,5185400
2025-09-11,254.15167236328125,255.67452352152617,252.8166803556858,254.69554346577203,3576000
2025-09-12,250.62136840820312,254.38899306322355,249.62259147035525,254.09234158573247,3433300
2025-09-15,253.39022827148438,256.16897456382975,251.1751499915679,251.19493178737832,4028400
2025-09-16,254.65599060058594,255.13066316363916,251.58059282859625,253.41002416211066,2719900
2025-09-17,256.1986389160156,258.05773540009574,254.1516832732218,254.63622410090167,3974800
2025-09-18,262.0528259277344,262.28027886721253,253.94400943152888,255.981096909392,4988400
2025-09-19,263.4372253417969,264.8908779382814,260.70794121355124,263.09111183250496,9858100
2025-09-22,268.3519592285156,269.2815074518629,263.04168640294944,263.6547862570344,5030500
2025-09-23,269.2122802734375,270.2604890967908,266.27530984395713,269.6671861237061,5394100
2025-09-24,264.5546569824219,270.60658841571626,264.3272040692238,269.58804479446803,3159900
2025-09-25,278.3099670410156,281.06894650180857,268.13439884123494,269.9044998034962,11506200
2025-09-26,281.1480407714844,285.63755756108486,276.9947390467366,277.39031458484703,9063900
2025-09-29,276.6882019042969,282.8192608899659,276.5497746021082,282.8192608899659,6022100
2025-09-30,279.02197265625,282.83902933770275,277.40019736402905,277.75620933132217,5926900
2025-10-01,283.3038024902344,283.40269637959864,277.0343161852184,277.08377821898955,4381300
2025-10-02,283.53125,285.33101614623297,279.64496466548866,282.61160022065957,3814200
2025-10-03,285.16290283203125,290.0578637291849,284.1047955400373,284.30258332144535,4375100
2025-10-06,286.20123291015625,288.2086550872199,284.5992243671923,285.4002135495856,2881900
2025-10-07,290.60174560546875,297.69201835442146,290.0282093032651,292.2630543892789,7190100
2025-10-08,286.24078369140625,290.92808865514996,283.28404641101434,290.88852506228443,5297000
2025-10-09,285.02447509765625,286.90333830548474,280.1690777997438,286.59678836948956,4912400
2025-10-10,274.730224609375,287.1604342576456,274.41377625525536,285.7562135475996,4508500
2025-10-13,274.13690185546875,279.2988488867945,271.58560857707886,276.6783268699153,4333800
2025-10-14,273.07879638671875,274.4434535684513,269.51882769049854,272.455798092608,3058100
2025-10-15,277.6276550292969,282.27539632100536,273.91936043852263,275.2840176764361,3346800
2025-10-16,272.90081787109375,279.41752397111514,272.5349376317846,277.98363798542266,2956900
2025-10-17,278.1517639160156,280.24818166309376,272.2877212185758,273.07881200601616,5309600
2025-10-20,280.4953918457031,282.32482318040616,277.8353061587508,278.1220893852513,3494300
2025-10-21,278.9131774902344,282.136931157074,278.46820025836183,280.15917409583307,4081000
2025-10-22,284.3124694824219,285.9540114270273,278.2209742519679,278.8538408044143,10538500
2025-10-23,281.83038330078125,282.40391957436344,260.62882503400505,262.003380687208,16676400
2025-10-24,304.04058837890625,307.2940072352449,279.0714051683192,280.61405328113483,16914200
2025-10-27,309.60797119140625,310.01341500465963,299.5115299851633,304.3767953878494,9868200
2025-10-28,309.0937805175781,315.7983759857661,307.94667776000705,309.1234456674214,6044800
2025-10-29,304.7822570800781,310.834189129164,304.09992844923227,309.3113378523066,4135900
2025-10-30,306.6116943359375,310.26065876079696,301.6277377740012,303.23961471017566,4694300
2025-10-31,303.99114990234375,310.0134164766329,298.2754332554519,308.53009869444804,7697500
2025-11-03,301.3409423828125,308.66853535395677,300.8465031554331,304.5745640657308,4958000
2025-11-04,297.50408935546875,299.7982946148571,292.7080228109382,296.66353663270763,5677300
2025-11-05,303.3582763671875,303.7835170993557,296.3767958859397,298.0282364214902,4650400
2025-11-06,308.9454345703125,311.93183677928056,297.74142425385907,303.33848019107234,6818500
2025-11-07,302.9726257324219,306.55236138198666,299.2643310382849,306.2359129919906,5070800
2025-11-10,307.37750244140625,308.1829080073867,302.5052873147948,305.0806005910813,2975200
2025-11-11,311.94146728515625,316.1077158648289,306.68144873028876,307.24822458260365,4381900
2025-11-12,313.1943359375,323.05808078381216,312.7468749259152,318.076503956955,6042700
2025-11-13,303.1316833496094,312.81648630265965,301.95838024872097,310.5195845047326,5310200
2025-11-14,303.9570007324219,305.9754911492415,295.9029147581485,298.2992557540544,3592500
2025-11-17,295.48529052734375,304.2652179418335,294.8290285727878,303.8575386816745,3909700
2025-11-18,288.3062438964844,295.3162642949508,288.2764151845808,295.3162642949508,4861900
2025-11-19,286.8942565917969,289.45961663338187,286.4368729328999,288.8530894275149,3595900
2025-11-20,288.753662109375,299.0052103667894,288.5150324244482,292.96964539201457,5597000
2025-11-21,295.7537536621094,298.77652777099087,290.23522989571467,291.8162122161166,5710900
2025-11-24,302.3958740234375,305.43852380344947,295.82336208814814,297.4838775091296,6050600
2025-11-25,302.75384521484375,304.26521706839424,295.375897514713,302.40582337477366,2825300
2025-11-26,301.49102783203125,304.86182374749,299.9299515665855,303.44986068582307,2196400
2025-11-28,306.8305969238281,307.42720149609687,301.8788487665064,302.33623245593253,1689000
2025-12-01,303.9371032714844,305.3788646976285,301.0833484397177,304.772337486428,3166600
2025-12-02,300.06915283203125,308.7098900619631,299.8603518568767,305.25956091213766,4261100
2025-12-03,300.9043884277344,302.24674110603235,297.21542957546126,301.1629241516555,3953400
2025-12-04,306.2439270019531,307.85473800926525,300.8248424615862,301.16291128519526,2962500
2025-12-05,306.1942443847656,310.06217561219313,305.4385432284832,306.84055336836906,2344700
2025-12-08,307.42718505859375,313.5622193583429,306.20417761263207,307.8646930318936,3630200
2025-12-09,308.7198486328125,312.190053537352,306.9996453638947,307.87466135399,2935300
2025-12-10,310.8974304199219,312.9059677495568,304.91153947110547,308.47126079484246,3411500
2025-12-11,308.9783630371094,311.66306850832825,306.6516324561856,310.2312296362875,2755700
2025-12-12,307.4868469238281,309.2865832445091,301.6103482536756,308.80932388096716,2953400
2025-12-15,306.91015625,309.5948312721947,304.613254470587,307.2382720708153,3566700
2025-12-16,301.4612121582031,305.63741375988633,298.71687971626176,305.57775633796814,3366900
2025-12-17,301.6004333496094,304.51381538636446,301.36177331712236,302.06777005149524,3131000
2025-12-18,298.7467041015625,302.7240273428837,294.02363275249365,301.43137908271336,5411700
2025-12-19,299.2737121582031,305.12035210585964,297.40436529257227,298.64727886338324,11031000
2025-12-22,301.07342529296875,301.4611985178911,296.6287654937628,299.32339341037056,2612100
2025-12-23,302.0578308105469,303.4001835554529,298.9455703288565,299.6316610574846,2923000
2025-12-24,302.8334045410156,303.42005610754575,300.5862070853206,302.03795199019476,1210600
2025-12-26,303.3603820800781,304.0166440536435,301.9484493279629,302.9626558264359,2814700
2025-12-29,304.0066833496094,308.2425421880028,302.0279748051802,302.9228664393932,4664500
2025-12-30,300.3376159667969,304.5038645845904,300.2879115629749,304.4143784509696,1883700
2025-12-31,294.5307312011719,300.138771734273,294.19266235510514,300.04928559954084,3430100
2026-01-02,289.8474426269531,295.88303816606697,287.3616155032228,295.87308514730984,4662800
2026-01-05,293.2977600097656,297.4938372384619,292.5818406133436,294.09321251931533,4190000
2026-01-06,300.7552490234375,301.32202488236146,292.7508979355974,293.3275964685693,4147300
2026-01-07,295.04779052734375,302.5848046734355,294.6699399665233,300.7850683449534,2833300
2026-01-08,301.0038146972656,301.9484410753453,293.3275798679554,293.3275798679554,3343300
2026-01-09,302.4953308105469,305.25956934523236,300.28791512136866,300.89444237128674,2718800
2026-01-12,310.4101867675781,310.5593303210219,298.25946298574377,300.904386596897,3895200
2026-01-13,301.44134521484375,311.0366318830463,300.1586499172368,309.8335000466853,4507800
2026-01-14,307.2780456542969,307.4371422235125,299.7907359503155,301.7793975486592,3779000
2026-01-15,296.2608947753906,310.11191650810326,295.3560500425833,307.24823874813507,4932500
2026-01-16,303.9371032714844,305.7070108484151,299.0748111855366,299.2935651712052,6199600
2026-01-20,289.69830322265625,299.8901945761001,288.51504706722744,299.6416118601624,7275500
2026-01-21,295.85321044921875,295.9824783152185,290.8517274732379,291.1003101864468,5185000
2026-01-22,292.9994812011719,299.2239716088382,291.8659294811702,297.7225526787075,3670200
2026-01-23,290.7821044921875,292.6713269621973,288.14713391470787,292.4028685675528,3298400
2026-01-26,294.6500244140625,295.13726712681165,291.47813716731935,291.4980128587219,3726900
2026-01-27,292.19403076171875,295.64435980945325,291.60737923821625,295.47534056847104,2954900
2026-01-28,292.49237060546875,294.2722313485684,289.6088171686853,292.5023236243714,5790300
2026-01-29,307.4868469238281,318.0864168946272,301.74956913108724,316.0579735658705,10124900
2026-01-30,304.9612731933594,306.03513712228397,298.030786196867,305.8561648582246,5940700
2026-02-02,312.94573974609375,314.84491519200486,304.6729003094896,305.76667024490536,4581200
2026-02-03,292.6415100097656,311.2056803292161,282.2408178161751,310.6289514433088,11466500
2026-02-04,287.41131591796875,289.75795246936974,277.3785214272188,289.75795246936974,8708000
2026-02-05,288.24658203125,290.15568025280174,283.48372880690334,284.4780596477942,5532800
2026-02-06,297.23529052734375,298.18986991698904,289.0121859631832,290.84175094315276,3744300
2026-02-09,294.6600036621094,296.03218510520963,289.7679128197002,294.23244867464183,4627800
2026-02-10,291.760009765625,297.6099853515625,290.3299865722656,294.989990234375,3837300
2026-02-11,272.80999755859375,293.5,272.3599853515625,292.3399963378906,7628200
2026-02-12,259.5199890136719,271.29998779296875,257.2200012207031,270.29998779296875,12565400
2026-02-13,262.3800048828125,264.6600036621094,256.6400146484375,260.0,6842600
2026-02-17,258.30999755859375,260.70001220703125,254.64999389648438,259.20001220703125,4929700
2026-02-18,260.7900085449219,261.1099853515625,256.25,258.6400146484375,3949200
2026-02-19,256.2799987792969,258.2799987792969,253.50999450683594,256.0,4948700
2026-02-20,257.1600036621094,259.0400085449219,253.8000030517578,255.1999969482422,4708600
2026-02-23,223.35000610351562,255.19000244140625,220.72000122070312,254.3699951171875,19522900
2026-02-24,229.32000732421875,236.58999633789062,223.6300048828125,227.8000030517578,13379800
2026-02-25,237.5399932861328,239.5500030517578,231.22000122070312,233.22000122070312,8569700
2026-02-26,242.00999450683594,247.49000549316406,238.9499969482422,239.7100067138672,7343100
2026-02-27,240.2100067138672,240.2100067138672,234.57000732421875,238.07000732421875,6642200
2026-03-02,239.3699951171875,240.77999877929688,233.77999877929688,235.6999969482422,6220300
2026-03-03,245.27999877929688,246.08999633789062,234.2899932861328,236.35000610351562,6960400
2026-03-04,250.05999755859375,250.85000610351562,244.9600067138672,245.75,6085000
2026-03-05,256.54998779296875,260.3800048828125,249.0,249.32000732421875,9894600
2026-03-06,258.8500061035156,259.3999938964844,252.2100067138672,256.44000244140625,6234400
2026-03-09,253.3300018310547,258.0799865722656,251.57000732421875,255.3800048828125,6126600
2026-03-10,250.1999969482422,253.44000244140625,246.5500030517578,253.25999450683594,4938000
2026-03-11,248.8699951171875,253.72000122070312,247.1999969482422,250.00999450683594,4008500
2026-03-12,247.67999267578125,250.0500030517578,245.63999938964844,247.10000610351562,5547700
2026-03-13,246.27999877929688,249.72000122070312,244.7100067138672,247.6699981689453,4338400
2026-03-16,249.25,252.1999969482422,246.10000610351562,247.8699951171875,5674200
2026-03-17,256.1099853515625,256.3900146484375,250.0,250.50999450683594,5840100
2026-03-18,251.60000610351562,258.2799987792969,250.16000366210938,254.16000366210938,5177000
2026-03-19,250.3699951171875,252.19000244140625,248.25,249.42999267578125,4249500
2026-03-20,241.77000427246094,250.27999877929688,241.77000427246094,249.0,11314100
2026-03-23,248.44000244140625,251.35000610351562,244.7100067138672,246.5,4972000
2026-03-24,240.58999633789062,247.11000061035156,238.0,246.4499969482422,4151500
2026-03-25,241.38999938964844,246.19000244140625,238.0,243.60000610351562,4207900
2026-03-26,241.6699981689453,246.6699981689453,239.8000030517578,240.55999755859375,3606800
2026-03-27,236.33999633789062,239.44000244140625,233.75,238.85000610351562,4853700
2026-03-30,237.25,240.2100067138672,236.1300048828125,237.8000030517578,3882600
2026-03-31,242.38999938964844,242.85000610351562,236.3800048828125,240.27000427246094,4750300
2026-04-01,243.13999938964844,246.25999450683594,240.13999938964844,242.1199951171875,4228700
2026-04-02,248.16000366210938,248.2100067138672,241.49000549316406,243.0,3350900
2026-04-06,246.74000549316406,248.89999389648438,244.74000549316406,248.13999938964844,3376000
2026-04-07,245.07000732421875,245.75999450683594,241.10000610351562,245.32000732421875,2356100
2026-04-08,241.74000549316406,250.0,240.8000030517578,248.6300048828125,4771500
2026-04-09,237.17999267578125,241.74000549316406,233.75999450683594,240.8800048828125,5078600
2026-04-10,230.75999450683594,239.27000427246094,230.50999450683594,239.19000244140625,5869400
2026-04-13,237.82000732421875,238.07000732421875,231.6999969482422,233.6300048828125,5349600
2026-04-14,240.27000427246094,241.5399932861328,238.1199951171875,238.75,3772800
2026-04-15,245.31500244140625,246.05999755859375,240.98500061035156,242.25,2515042
